{
  "dataset": "NUDT-SIRST",
  "train_dataset": "NUDT-SIRST",
  "split": "test",
  "image_source": "test",
  "num_images": 664,
  "checkpoint": "/home/AAAI/OHCM-MSHNet/results/official/PFRMSHNet/seed42/NUDT-SIRST/PFRMSHNet_400.pth.tar",
  "epoch": 400,
  "threshold": 0.5,
  "evidence": {
    "mIoU": 0.778984940041955,
    "nIoU": 0.8021607815657827,
    "Pd": 0.9851851851851852,
    "detected_targets": 931.0,
    "target_components": 945.0,
    "FA": 8.327989693147591e-05,
    "FA_ppm": 83.2798969314759,
    "Precision": 0.8728599494807746,
    "Recall": 0.8786862087232915,
    "F1": 0.8757633890071983,
    "FP_pixels": 3624.0,
    "GT_pixels": 28315.0,
    "FP_components": 111.0
  },
  "final": {
    "mIoU": 0.7801962367260759,
    "nIoU": 0.805314275995872,
    "Pd": 0.9862433862433863,
    "detected_targets": 932.0,
    "target_components": 945.0,
    "FA": 8.941558470208961e-05,
    "FA_ppm": 89.41558470208962,
    "Precision": 0.8659108139775312,
    "Recall": 0.8874095002648773,
    "F1": 0.8765283519090228,
    "FP_pixels": 3891.0,
    "GT_pixels": 28315.0,
    "FP_components": 114.0
  },
  "evidence_mIoU": 0.778984940041955,
  "final_mIoU": 0.7801962367260759,
  "evidence_Pd": 0.9851851851851852,
  "final_Pd": 0.9862433862433863,
  "evidence_Precision": 0.8728599494807746,
  "final_Precision": 0.8659108139775312,
  "evidence_FA_ppm": 83.2798969314759,
  "final_FA_ppm": 89.41558470208962,
  "evidence_FP_components": 111.0,
  "final_FP_components": 114.0,
  "residual_new_fp_pixels": 267,
  "residual_new_fp_components": 234,
  "residual_removed_fp_pixels": 0,
  "residual_removed_fp_components": 0,
  "residual_lost_target_pixels": 0,
  "residual_boundary_excess_pixels": 158,
  "delta_mean_target": 0.4787592864763665,
  "delta_mean_boundary": 0.16625603108318993,
  "delta_mean_far_bg": 0.0013304142396614827,
  "delta_positive_far_bg_ratio": 0.5765734966412847,
  "outputs": {
    "per_image": "docs/internal/pfr_head_audit_seed42_full/per_image.csv",
    "worst_images": "docs/internal/pfr_head_audit_seed42_full/worst_images.csv"
  }
}