image_name,threshold,IoU,nIoU,Pd,detected_targets,target_components,FA,FA_ppm,Precision,Recall,F1,FP_pixels,GT_pixels,FP_components,target_area,mean_prob_target,mean_prob_bg
001289,0.5,0.0,0.0,0.0,0,1,0.000244140625,244.140625,0.0,0.0,0.0,16,19,1,19,1.4809508286361961e-08,0.0002505409356672317
000906,0.5,0.6949152542372882,0.6949152542372882,1.0,1,1,0.00048828125,488.28125,0.7192982456140351,0.9534883720930233,0.8200000000000001,32,86,2,86,0.9447882175445557,0.0004950291477143764
000967,0.5,0.7064220183486238,0.7064220183486238,1.0,1,1,0.0003509521484375,350.9521484375,0.77,0.8953488372093024,0.8279569892473118,23,86,1,86,0.8941324949264526,0.00039026213926263154
001255,0.5,0.92,0.92,1.0,1,1,4.57763671875e-05,45.7763671875,0.9583333333333334,0.9583333333333334,0.9583333333333334,3,72,0,72,0.9532577991485596,6.361402483889833e-05
000510,0.5,0.890625,0.890625,1.0,1,1,9.1552734375e-05,91.552734375,0.9047619047619048,0.9827586206896551,0.9421487603305785,6,58,0,58,0.9771758317947388,8.728374814381823e-05
000720,0.5,0.22784810126582278,0.22784810126582278,1.0,1,1,0.0007781982421875,778.1982421875,0.2608695652173913,0.6428571428571429,0.3711340206185567,51,28,1,28,0.6276376843452454,0.0007740381988696754
