{
  "dataset": "NUDT-SIRST",
  "train_dataset": "NUDT-SIRST",
  "split": "test",
  "image_source": "/home/AAAI/OHCM-MSHNet/results/aaai_p0_paired/20260617_aaai_p0_paired/hc_protocol/hcval_NUDT-SIRST.txt",
  "num_images": 6,
  "checkpoint": "/home/AAAI/OHCM-MSHNet/results/official/EACFMSHNet/seed42/NUDT-SIRST/EACFMSHNet_80.pth.tar",
  "ohem_checkpoint": "/home/AAAI/OHCM-MSHNet/results/step3_ohcm_light_gate/20260613_step3_gate/MSHNetOHEM/NUDT-SIRST/seed_42/checkpoints/NUDT-SIRST/MSHNetOHEM_400.pth.tar",
  "epoch": 80,
  "threshold": 0.5,
  "base": {
    "mIoU": 0.6047904191616766,
    "nIoU": 0.5550927498786479,
    "Pd": 0.8333333333333334,
    "detected_targets": 5.0,
    "target_components": 6.0,
    "FA": 0.0003865559895833333,
    "FA_ppm": 386.5559895833333,
    "Precision": 0.6659340659340659,
    "Recall": 0.8681948424068768,
    "F1": 0.7537313432835819,
    "FP_pixels": 152.0,
    "GT_pixels": 349.0,
    "FP_components": 9.0
  },
  "final": {
    "mIoU": 0.6047904191616766,
    "nIoU": 0.5550927498786479,
    "Pd": 0.8333333333333334,
    "detected_targets": 5.0,
    "target_components": 6.0,
    "FA": 0.0003865559895833333,
    "FA_ppm": 386.5559895833333,
    "Precision": 0.6659340659340659,
    "Recall": 0.8681948424068768,
    "F1": 0.7537313432835819,
    "FP_pixels": 152.0,
    "GT_pixels": 349.0,
    "FP_components": 9.0
  },
  "base_mIoU": 0.6047904191616766,
  "final_mIoU": 0.6047904191616766,
  "base_Pd": 0.8333333333333334,
  "final_Pd": 0.8333333333333334,
  "base_Precision": 0.6659340659340659,
  "final_Precision": 0.6659340659340659,
  "base_FA_ppm": 386.5559895833333,
  "final_FA_ppm": 386.5559895833333,
  "base_FP_components": 9.0,
  "final_FP_components": 9.0,
  "new_fp_pixels": 0,
  "new_fp_components": 0,
  "removed_fp_pixels": 0,
  "removed_fp_components": 0,
  "lost_target_pixels": 0,
  "lost_target_count": 0,
  "boundary_excess_pixels": 0,
  "boundary_excess_delta": 0,
  "eta": 0.0,
  "scale_var_target_mean": 0.024924115743488073,
  "scale_var_new_fp_mean": NaN,
  "scale_var_far_bg_mean": 0.00022960980293199734,
  "outputs": {
    "per_image": "docs/internal/eacf_seed42_hcval_head_audit/per_image.csv",
    "worst_images": "docs/internal/eacf_seed42_hcval_head_audit/worst_images.csv"
  }
}