{
  "gate_pass": true,
  "fail_reasons": [],
  "gate_scope": "full",
  "gate_checks": {
    "mIoU": true,
    "Pd": true,
    "Precision": true,
    "FA_ppm": true,
    "FP_components": true
  },
  "dataset": "NUDT-SIRST",
  "train_dataset": "NUDT-SIRST",
  "split": "test",
  "image_source": "test",
  "num_images": 664,
  "checkpoint": "/home/AAAI/OHCM-MSHNet/results/official/CGAMSHNet/seed42/NUDT-SIRST/CGAMSHNet_80.pth.tar",
  "ohem_checkpoint": "/home/AAAI/OHCM-MSHNet/results/step3_ohcm_light_gate/20260613_step3_gate/MSHNetOHEM/NUDT-SIRST/seed_42/checkpoints/NUDT-SIRST/MSHNetOHEM_400.pth.tar",
  "epoch": 80,
  "threshold": 0.5,
  "ohem": {
    "mIoU": 0.8343928490754784,
    "nIoU": 0.8491602506370457,
    "Pd": 0.9798941798941799,
    "detected_targets": 926.0,
    "target_components": 945.0,
    "FA": 6.14487981221762e-05,
    "FA_ppm": 61.4487981221762,
    "Precision": 0.9062773824962321,
    "Recall": 0.9131908882217906,
    "F1": 0.9097210005981071,
    "FP_pixels": 2674.0,
    "GT_pixels": 28315.0,
    "FP_components": 47.0
  },
  "cga": {
    "mIoU": 0.8388429752066116,
    "nIoU": 0.8542841701806808,
    "Pd": 0.9809523809523809,
    "detected_targets": 927.0,
    "target_components": 945.0,
    "FA": 6.115005677004894e-05,
    "FA_ppm": 61.15005677004894,
    "Precision": 0.9071042066678303,
    "Recall": 0.9176761433868974,
    "F1": 0.9123595505617977,
    "FP_pixels": 2661.0,
    "GT_pixels": 28315.0,
    "FP_components": 34.0
  },
  "ohem_mIoU": 0.8343928490754784,
  "cga_mIoU": 0.8388429752066116,
  "ohem_Pd": 0.9798941798941799,
  "cga_Pd": 0.9809523809523809,
  "ohem_Precision": 0.9062773824962321,
  "cga_Precision": 0.9071042066678303,
  "ohem_FA_ppm": 61.4487981221762,
  "cga_FA_ppm": 61.15005677004894,
  "ohem_FP_components": 47.0,
  "cga_FP_components": 34.0,
  "new_fp_pixels": 312,
  "new_fp_components": 252,
  "removed_fp_pixels": 325,
  "removed_fp_components": 237,
  "lost_target_pixels": 149,
  "lost_target_count": 0,
  "boundary_excess_pixels": 248,
  "center_peak_prob_mean": 0.6144008871079836,
  "center_peak_hit_rate_mean": 0.7009287148893598,
  "scale_acc_on_target_mean": 0.9274662204804909,
  "local_peak_false_alarm_count": 39,
  "boundary_prob_mean": 0.693950844857331,
  "outputs": {
    "per_image": "docs/internal/cga_seed42_full_head_audit/per_image.csv",
    "worst_images": "docs/internal/cga_seed42_full_head_audit/worst_images.csv"
  }
}