{
  "gate_pass": false,
  "fail_reasons": [
    "full_mIoU_gate_failed",
    "full_Pd_gate_failed"
  ],
  "gate_scope": "full",
  "gate_checks": {
    "mIoU": false,
    "Pd": false,
    "Precision": true,
    "FA_ppm": true,
    "FP_components": true
  },
  "dataset": "NUDT-SIRST",
  "train_dataset": "NUDT-SIRST",
  "split": "test",
  "image_source": "test",
  "num_images": 664,
  "checkpoint": "/home/AAAI/OHCM-MSHNet/results/official/CGAMSHNet/seed42/NUDT-SIRST/CGAMSHNet_400.pth.tar",
  "ohem_checkpoint": "/home/AAAI/OHCM-MSHNet/results/step3_ohcm_light_gate/20260613_step3_gate/MSHNetOHEM/NUDT-SIRST/seed_42/checkpoints/NUDT-SIRST/MSHNetOHEM_400.pth.tar",
  "epoch": 400,
  "threshold": 0.5,
  "ohem": {
    "mIoU": 0.8343928490754784,
    "nIoU": 0.8491602506370457,
    "Pd": 0.9798941798941799,
    "detected_targets": 926.0,
    "target_components": 945.0,
    "FA": 6.14487981221762e-05,
    "FA_ppm": 61.4487981221762,
    "Precision": 0.9062773824962321,
    "Recall": 0.9131908882217906,
    "F1": 0.9097210005981071,
    "FP_pixels": 2674.0,
    "GT_pixels": 28315.0,
    "FP_components": 47.0
  },
  "cga": {
    "mIoU": 0.8312572608751775,
    "nIoU": 0.8465994453630653,
    "Pd": 0.9788359788359788,
    "detected_targets": 925.0,
    "target_components": 945.0,
    "FA": 6.142581801816642e-05,
    "FA_ppm": 61.42581801816642,
    "Precision": 0.9059862127180641,
    "Recall": 0.9097298251809994,
    "F1": 0.9078541596912613,
    "FP_pixels": 2673.0,
    "GT_pixels": 28315.0,
    "FP_components": 43.0
  },
  "ohem_mIoU": 0.8343928490754784,
  "cga_mIoU": 0.8312572608751775,
  "ohem_Pd": 0.9798941798941799,
  "cga_Pd": 0.9788359788359788,
  "ohem_Precision": 0.9062773824962321,
  "cga_Precision": 0.9059862127180641,
  "ohem_FA_ppm": 61.4487981221762,
  "cga_FA_ppm": 61.42581801816642,
  "ohem_FP_components": 47.0,
  "cga_FP_components": 43.0,
  "new_fp_pixels": 336,
  "new_fp_components": 298,
  "removed_fp_pixels": 337,
  "removed_fp_components": 286,
  "lost_target_pixels": 320,
  "lost_target_count": 1,
  "boundary_excess_pixels": 287,
  "center_peak_prob_mean": 0.6903909523729964,
  "center_peak_hit_rate_mean": 0.8024598393723907,
  "scale_acc_on_target_mean": 0.9448530903865908,
  "local_peak_false_alarm_count": 47,
  "boundary_prob_mean": 0.708519270642192,
  "outputs": {
    "per_image": "docs/internal/cga_seed42_400_full_head_audit/per_image.csv",
    "worst_images": "docs/internal/cga_seed42_400_full_head_audit/worst_images.csv"
  }
}