image_name,threshold,IoU,nIoU,Pd,detected_targets,target_components,FA,FA_ppm,Precision,Recall,F1,FP_pixels,GT_pixels,FP_components,target_area,mean_prob_target,mean_prob_bg
001289,0.5,0.0,0.0,0.0,0,1,0.0002288818359375,228.8818359375,0.0,0.0,0.0,15,19,1,19,7.126748968744323e-09,0.0002483589050825685
000906,0.5,0.6949152542372882,0.6949152542372882,1.0,1,1,0.00048828125,488.28125,0.7192982456140351,0.9534883720930233,0.8200000000000001,32,86,2,86,0.9446917772293091,0.0004827405500691384
000967,0.5,0.719626168224299,0.719626168224299,1.0,1,1,0.0003204345703125,320.4345703125,0.7857142857142857,0.8953488372093024,0.8369565217391304,21,86,1,86,0.900029718875885,0.0003782977000810206
001255,0.5,0.92,0.92,1.0,1,1,4.57763671875e-05,45.7763671875,0.9583333333333334,0.9583333333333334,0.9583333333333334,3,72,0,72,0.9538832902908325,6.121755723142996e-05
000510,0.5,0.890625,0.890625,1.0,1,1,9.1552734375e-05,91.552734375,0.9047619047619048,0.9827586206896551,0.9421487603305785,6,58,1,58,0.977120578289032,0.00011045976862078533
000720,0.5,0.22784810126582278,0.22784810126582278,1.0,1,1,0.0007781982421875,778.1982421875,0.2608695652173913,0.6428571428571429,0.3711340206185567,51,28,1,28,0.619832456111908,0.0007788906805217266
