image_name,threshold,IoU,nIoU,Pd,detected_targets,target_components,FA,FA_ppm,Precision,Recall,F1,FP_pixels,GT_pixels,FP_components,target_area,mean_prob_target,mean_prob_bg
001289,0.5,0.0,0.0,0.0,0,1,0.00018310546875,183.10546875,0.0,0.0,0.0,12,19,1,19,2.2669890853421748e-08,0.0001865435333456844
000906,0.5,0.7043478260869566,0.7043478260869566,1.0,1,1,0.0004425048828125,442.5048828125,0.7363636363636363,0.9418604651162791,0.826530612244898,29,86,2,86,0.9408263564109802,0.0004220301634632051
000967,0.5,0.826530612244898,0.826530612244898,1.0,1,1,0.00018310546875,183.10546875,0.8709677419354839,0.9418604651162791,0.9050279329608939,12,86,1,86,0.9141734838485718,0.00024070501967798918
001255,0.5,0.92,0.92,1.0,1,1,4.57763671875e-05,45.7763671875,0.9583333333333334,0.9583333333333334,0.9583333333333334,3,72,0,72,0.948991060256958,5.2398590923985466e-05
000510,0.5,0.8769230769230769,0.8769230769230769,1.0,1,1,0.0001068115234375,106.8115234375,0.890625,0.9827586206896551,0.9344262295081966,7,58,1,58,0.9747259616851807,0.00017569842748343945
000720,0.5,0.3958333333333333,0.3958333333333333,1.0,1,1,0.00030517578125,305.17578125,0.48717948717948717,0.6785714285714286,0.5671641791044776,20,28,1,28,0.6791263818740845,0.0003117273445241153
