{
  "dataset": "NUDT-SIRST",
  "train_dataset": "NUDT-SIRST",
  "split": "test",
  "image_source": "test",
  "num_images": 664,
  "checkpoint": "/home/AAAI/OHCM-MSHNet/results/official/EACFMSHNet/seed42/NUDT-SIRST/EACFMSHNet_80.pth.tar",
  "ohem_checkpoint": "/home/AAAI/OHCM-MSHNet/results/step3_ohcm_light_gate/20260613_step3_gate/MSHNetOHEM/NUDT-SIRST/seed_42/checkpoints/NUDT-SIRST/MSHNetOHEM_400.pth.tar",
  "epoch": 80,
  "threshold": 0.5,
  "base": {
    "mIoU": 0.8343928490754784,
    "nIoU": 0.8491602506370457,
    "Pd": 0.9798941798941799,
    "detected_targets": 926.0,
    "target_components": 945.0,
    "FA": 6.14487981221762e-05,
    "FA_ppm": 61.4487981221762,
    "Precision": 0.9062773824962321,
    "Recall": 0.9131908882217906,
    "F1": 0.9097210005981071,
    "FP_pixels": 2674.0,
    "GT_pixels": 28315.0,
    "FP_components": 47.0
  },
  "final": {
    "mIoU": 0.8343928490754784,
    "nIoU": 0.8491602506370457,
    "Pd": 0.9798941798941799,
    "detected_targets": 926.0,
    "target_components": 945.0,
    "FA": 6.14487981221762e-05,
    "FA_ppm": 61.4487981221762,
    "Precision": 0.9062773824962321,
    "Recall": 0.9131908882217906,
    "F1": 0.9097210005981071,
    "FP_pixels": 2674.0,
    "GT_pixels": 28315.0,
    "FP_components": 47.0
  },
  "base_mIoU": 0.8343928490754784,
  "final_mIoU": 0.8343928490754784,
  "base_Pd": 0.9798941798941799,
  "final_Pd": 0.9798941798941799,
  "base_Precision": 0.9062773824962321,
  "final_Precision": 0.9062773824962321,
  "base_FA_ppm": 61.4487981221762,
  "final_FA_ppm": 61.4487981221762,
  "base_FP_components": 47.0,
  "final_FP_components": 47.0,
  "new_fp_pixels": 0,
  "new_fp_components": 0,
  "removed_fp_pixels": 0,
  "removed_fp_components": 0,
  "lost_target_pixels": 0,
  "lost_target_count": 0,
  "boundary_excess_pixels": 0,
  "boundary_excess_delta": 0,
  "eta": 0.0,
  "scale_var_target_mean": 0.0735308928519949,
  "scale_var_new_fp_mean": NaN,
  "scale_var_far_bg_mean": 7.486327802334653e-06,
  "outputs": {
    "per_image": "docs/internal/eacf_seed42_full_head_audit/per_image.csv",
    "worst_images": "docs/internal/eacf_seed42_full_head_audit/worst_images.csv"
  }
}