{
  "gate_pass": true,
  "fail_reasons": [],
  "gate_scope": "hcval",
  "gate_checks": {
    "mIoU": true,
    "Pd": true,
    "Precision": true,
    "FA_ppm": true
  },
  "dataset": "NUDT-SIRST",
  "train_dataset": "NUDT-SIRST",
  "split": "test",
  "image_source": "/home/AAAI/OHCM-MSHNet/results/aaai_p0_paired/20260617_aaai_p0_paired/hc_protocol/hcval_NUDT-SIRST.txt",
  "num_images": 6,
  "checkpoint": "/home/AAAI/OHCM-MSHNet/results/official/CGAMSHNet/seed42/NUDT-SIRST/CGAMSHNet_80.pth.tar",
  "ohem_checkpoint": "/home/AAAI/OHCM-MSHNet/results/step3_ohcm_light_gate/20260613_step3_gate/MSHNetOHEM/NUDT-SIRST/seed_42/checkpoints/NUDT-SIRST/MSHNetOHEM_400.pth.tar",
  "epoch": 80,
  "threshold": 0.5,
  "ohem": {
    "mIoU": 0.6047904191616766,
    "nIoU": 0.5550927498786479,
    "Pd": 0.8333333333333334,
    "detected_targets": 5.0,
    "target_components": 6.0,
    "FA": 0.0003865559895833333,
    "FA_ppm": 386.5559895833333,
    "Precision": 0.6659340659340659,
    "Recall": 0.8681948424068768,
    "F1": 0.7537313432835819,
    "FP_pixels": 152.0,
    "GT_pixels": 349.0,
    "FP_components": 9.0
  },
  "cga": {
    "mIoU": 0.6299376299376299,
    "nIoU": 0.5714619831492896,
    "Pd": 0.8333333333333334,
    "detected_targets": 5.0,
    "target_components": 6.0,
    "FA": 0.000335693359375,
    "FA_ppm": 335.693359375,
    "Precision": 0.696551724137931,
    "Recall": 0.8681948424068768,
    "F1": 0.7729591836734694,
    "FP_pixels": 132.0,
    "GT_pixels": 349.0,
    "FP_components": 5.0
  },
  "ohem_mIoU": 0.6047904191616766,
  "cga_mIoU": 0.6299376299376299,
  "ohem_Pd": 0.8333333333333334,
  "cga_Pd": 0.8333333333333334,
  "ohem_Precision": 0.6659340659340659,
  "cga_Precision": 0.696551724137931,
  "ohem_FA_ppm": 386.5559895833333,
  "cga_FA_ppm": 335.693359375,
  "ohem_FP_components": 9.0,
  "cga_FP_components": 5.0,
  "new_fp_pixels": 5,
  "new_fp_components": 5,
  "removed_fp_pixels": 25,
  "removed_fp_components": 9,
  "lost_target_pixels": 2,
  "lost_target_count": 0,
  "boundary_excess_pixels": 2,
  "center_peak_prob_mean": 0.4712836785741577,
  "center_peak_hit_rate_mean": 0.5,
  "scale_acc_on_target_mean": 0.7719298203786215,
  "local_peak_false_alarm_count": 6,
  "boundary_prob_mean": 0.5060644818974348,
  "outputs": {
    "per_image": "docs/internal/cga_seed42_hcval_head_audit/per_image.csv",
    "worst_images": "docs/internal/cga_seed42_hcval_head_audit/worst_images.csv"
  }
}