image_name,threshold,IoU,nIoU,Pd,detected_targets,target_components,FA,FA_ppm,Precision,Recall,F1,FP_pixels,GT_pixels,FP_components,target_area,mean_prob_target,mean_prob_bg
001289,0.5,0.0,0.0,0.0,0,1,0.0004425048828125,442.5048828125,0.0,0.0,0.0,29,19,11,19,0.021641142666339874,0.0006215305184014142
000906,0.5,0.6923076923076923,0.6923076923076923,1.0,1,1,0.0004730224609375,473.0224609375,0.7232142857142857,0.9418604651162791,0.8181818181818182,31,86,2,86,0.9421218037605286,0.0004589693562593311
000967,0.5,0.7289719626168224,0.7289719626168224,1.0,1,1,0.0003204345703125,320.4345703125,0.7878787878787878,0.9069767441860465,0.8432432432432431,21,86,1,86,0.8853948712348938,0.00036723195808008313
001255,0.5,0.92,0.92,1.0,1,1,4.57763671875e-05,45.7763671875,0.9583333333333334,0.9583333333333334,0.9583333333333334,3,72,0,72,0.9499664306640625,6.098599624237977e-05
000510,0.5,0.890625,0.890625,1.0,1,1,9.1552734375e-05,91.552734375,0.9047619047619048,0.9827586206896551,0.9421487603305785,6,58,0,58,0.9786288142204285,8.815088222036138e-05
000720,0.5,0.21794871794871795,0.21794871794871795,1.0,1,1,0.000762939453125,762.939453125,0.2537313432835821,0.6071428571428571,0.3578947368421053,50,28,1,28,0.5911107063293457,0.0007730564684607089
