image_name,threshold,IoU,nIoU,Pd,detected_targets,target_components,FA,FA_ppm,Precision,Recall,F1,FP_pixels,GT_pixels,FP_components,target_area,mean_prob_target,mean_prob_bg
001289,0.5,0.0,0.0,0.0,0,1,0.0002288818359375,228.8818359375,0.0,0.0,0.0,15,19,1,19,1.4746416310273958e-09,0.0002548640186432749
000906,0.5,0.7068965517241379,0.7068965517241379,1.0,1,1,0.000457763671875,457.763671875,0.7321428571428571,0.9534883720930233,0.8282828282828282,30,86,2,86,0.9459443092346191,0.0004716030671261251
000967,0.5,0.7476635514018691,0.7476635514018691,1.0,1,1,0.0003204345703125,320.4345703125,0.7920792079207921,0.9302325581395349,0.855614973262032,21,86,1,86,0.9125294089317322,0.00035517034120857716
001255,0.5,0.92,0.92,1.0,1,1,4.57763671875e-05,45.7763671875,0.9583333333333334,0.9583333333333334,0.9583333333333334,3,72,0,72,0.9549559354782104,5.778512422693893e-05
000510,0.5,0.8382352941176471,0.8382352941176471,1.0,1,1,0.000152587890625,152.587890625,0.8507462686567164,0.9827586206896551,0.9119999999999999,10,58,1,58,0.9760257005691528,0.00024426099844276905
000720,0.5,0.20987654320987653,0.20987654320987653,1.0,1,1,0.0008087158203125,808.7158203125,0.24285714285714285,0.6071428571428571,0.3469387755102041,53,28,1,28,0.6063275933265686,0.0007889246917329729
