{
  "rows": [
    {
      "label": "OHEM-400",
      "summary": "/home/AAAI/OHCM-MSHNet-1/results/step3_ohcm_light_gate/20260613_step3_gate/MSHNetOHEM/NUDT-SIRST/seed_42/eval_full/summary_metrics.json",
      "mIoU": 0.8343928490754784,
      "nIoU": 0.8491602506370457,
      "Pd": 0.9798941798941799,
      "Precision": 0.9062773824962321,
      "FA_ppm": 61.4487981221762,
      "F1": 0.9097210005981071,
      "FP_pixels": null,
      "FP_components": 47.0
    },
    {
      "label": "TWA",
      "summary": "docs/internal/twa/seed42_nudt/eval_full_twa/summary_metrics.json",
      "mIoU": 0.8388914071100175,
      "nIoU": 0.8544159756800427,
      "Pd": 0.9809523809523809,
      "Precision": 0.9097292932130192,
      "FA_ppm": 59.08184740916792,
      "F1": 0.9123881963518558,
      "FP_pixels": 2571.0,
      "FP_components": 31.0
    },
    {
      "label": "TWA+BN",
      "summary": "docs/internal/twa/seed42_nudt/eval_full_twa_bn/summary_metrics.json",
      "mIoU": 0.8341080766995933,
      "nIoU": 0.8498150197770316,
      "Pd": 0.9809523809523809,
      "Precision": 0.9065679601431479,
      "FA_ppm": 61.19601697806853,
      "F1": 0.9095517186757486,
      "FP_pixels": 2663.0,
      "FP_components": 39.0
    }
  ]
}